adobe_topic,semrush_topic,volume,citation_share,owned_keywords_share,keywords
Sofás y seccionales modulares,Muebles y Sofás Seccionales Modernos,3698,0.2,0.0833333333333333,12
Lovesac Bean Bag Chair Styles,Bean Bag Chairs and Sofas,3284,0.2,0.7568904593639576,1415
Bean Bag Couch Options,Bean Bag Chairs and Sofas,3284,0.2,0.7568904593639576,1415
beanbag chair,Bean Bag Chairs and Sofas,3284,0.2,0.7568904593639576,1415
bean bag chairs,Bean Bag Chairs and Sofas,3284,0.2,0.7568904593639576,1415
bean bag chairs for adults,Bean Bag Chairs and Sofas,3284,0.2,0.7568904593639576,1415
best bean bag chair,Bean Bag Chairs and Sofas,3284,0.2,0.7568904593639576,1415
lovesac couch,Lovesac Furniture and Logo,1984,0.6,1.0,3
Lovesac Snugg Features,Lovesac Furniture and Logo,1984,0.6,1.0,3
Lovesac Sectional Insights,Lovesac Furniture and Logo,1984,0.6,1.0,3
lovesac,Lovesac Furniture and Logo,1984,0.6,1.0,3
Lovesac Furniture Overview,Lovesac Furniture and Logo,1984,0.6,1.0,3
love sac,Lovesac Furniture and Logo,1984,0.6,1.0,3
Marca Lovesac (ES),Lovesac Furniture and Logo,1984,0.6,1.0,3
Lovesac Chair Options,Lovesac Furniture and Logo,1984,0.6,1.0,3
Lovesac Bean Bag Products,Lovesac Supersac Bean Bags,1884,0.8,1.0,6
modular sectional sofa,Modular Sectional Sofas,1643,0.2,0.0,9
Modular Sectional Options,Modular Leather Sectional Sofas,1629,0.2,0.0,1
Recliner & Reclining Discovery,recliner sofas and furniture,1602,0.0,0.0,6
Bean Bag Chairs for Kids,Toddler and Baby Bean Bag Chairs,1204,0.0,0.2,35
sectionals,Stationary Sectionals,1191,0.0,0.0,2
Sactionals Cover Options,Health and Insurance Coverage,1058,0.0,0.0,0
small sectional couch,Small Space Living Room Furniture,1025,0.0,0.0,613
Pricing & Value,Price and Valuation Terms,1000,0.0,0.0,137
Life Stage & Use Case,Software and Project Lifecycle Management,993,0.0,0.0,760
Configuration & Fit,Configuration and Settings Terminology,992,0.0,0.0,76
Comparison,Comparison and Definition of Comparing,965,0.0,0.0,172
Modular furniture configurations,Modular Furniture and Sofa Systems,931,0.2,0.1846153846153846,65
Durability & Care,Durability of Goods and Products,923,0.0,0.0,125
Lovesac Deals & Promotions,Lovesac Discount and Payment Promotions,802,1.0,0.9666666666666668,30
Lovesac Policies and Financing,Lovesac Discount and Payment Promotions,802,1.0,0.9666666666666668,30
Couches for Sale Nearby,Sleep and Mattress Services Near Me,670,0.0,0.0,57
Footsac & Blanket Products,Lovesac Footsac and Blanket Products,632,0.8,1.0,15
Bean Bag Selection,Bean Bag Manufacturing and Retail,624,0.2,0.0,0
Bean Bag Availability,Bean Bag Manufacturing and Retail,624,0.2,0.0,0
Custom Sectional Options,Custom Sectional Sofas and Configurations,551,0.0,0.7142857142857143,7
Home theater sound and charging systems,Home Theater Systems and Solutions,487,0.0,0.0,7
Features & Options,Product Features and Benefits,464,0.0,0.0,72
Lovesac Customer Support,Lovesac Return Policy and Warranty,419,1.0,1.0,3
Bean Bag Bed Choices,Bean Bag Beds and Blankets,394,0.0,1.0,1
Space-Saving Solutions,Space Saving Storage Solutions,362,0.0,0.0,19
Support & Purchase,Shop Customer Service & Support,276,0.0,0.0,25
Sactionals vs. Traditional Sofas,Traditional and Classic Sofas and Couches,275,0.0,0.0,41
Living Room Furniture Ideas,Living Room Furniture,244,0.0,0.0,1
Durability of Lovesac Materials,Lovesac Covers and Maintenance,200,1.0,1.0,28
Lovesac Configuration Ideas,Lovesac Storage and Accessories,131,1.0,1.0,7
Lovesac Accessories and Instructions,Lovesac Storage and Accessories,131,1.0,1.0,7
Pillowsac Products,Lovesac Pillow Accessories,29,1.0,1.0,4
Puffs y bean bags,pistachón y burbujas,7,0.0,0.0,4
Premium Modular Furniture,Modular One Furniture,3,0.0,0.0,4
Oversized Bean Bags,Large Size Bean Bags,2,0.0,0.8333333333333334,6
Adult Bean Bag Options,Large Size Bean Bags,2,0.0,0.8333333333333334,6
Product Selection,Product Selection and Customer Assistance,1,0.0,0.0,4
Modular Design Benefits,Modular Construction Benefits and Challenges,1,0.0,0.0,9
Lovesac Ottoman Variants,Les Ottomans and Istanbul Decor,1,0.0,0.0,4
Fabric & Material Choices,Fabric Selection and Choices,1,0.0,0.0,2
